<?xml version="1.0" encoding="UTF-8"?>
<project-private xmlns="http://www.netbeans.org/ns/project-private/1">
    <editor-bookmarks xmlns="http://www.netbeans.org/ns/editor-bookmarks/2" lastBookmarkId="0"/>
    <open-files xmlns="http://www.netbeans.org/ns/projectui-open-files/2">
        <group>
            <file>file:/D:/home/koen/informatica/JavaScript/AppsGenericas+ImoApps/ImoApp-ES.Next/ImoApp-ES.Next-08__1-função__objetos-de-procura/io/codificator/modelo/services/ImoApp.js</file>
            <file>file:/D:/home/koen/informatica/JavaScript/AppsGenericas+ImoApps/ImoApp-ES.Next/ImoApp-ES.Next-08__1-função__objetos-de-procura/io/codificator/modelo/Coordenadas.js</file>
            <file>file:/D:/home/koen/informatica/JavaScript/AppsGenericas+ImoApps/ImoApp-ES.Next/ImoApp-ES.Next-08__1-função__objetos-de-procura/io/codificator/modelo/entities/Cliente.js</file>
            <file>file:/D:/home/koen/informatica/JavaScript/AppsGenericas+ImoApps/ImoApp-ES.Next/ImoApp-ES.Next-08__1-função__objetos-de-procura/imoapp.html</file>
            <file>file:/D:/home/koen/informatica/JavaScript/AppsGenericas+ImoApps/ImoApp-ES.Next/ImoApp-ES.Next-08__1-função__objetos-de-procura/io/codificator/modelo/entities/Imóvel.js</file>
            <file>file:/D:/home/koen/informatica/JavaScript/AppsGenericas+ImoApps/ImoApp-ES.Next/ImoApp-ES.Next-08__1-função__objetos-de-procura/io/codificator/modelo/services/Procura.js</file>
        </group>
    </open-files>
</project-private>
