<?xml version="1.0" encoding="UTF-8"?>
<project-private xmlns="http://www.netbeans.org/ns/project-private/1">
    <editor-bookmarks xmlns="http://www.netbeans.org/ns/editor-bookmarks/2" lastBookmarkId="0"/>
    <open-files xmlns="http://www.netbeans.org/ns/projectui-open-files/2">
        <group>
            <file>file:/D:/home/koen/informatica/JavaScript/AppsGenericas+ImoApps/ImoApp-sem-GUI/ImoApp-4_JavaScript_sem-estrutura/index.html</file>
            <file>file:/D:/home/koen/informatica/JavaScript/AppsGenericas+ImoApps/ImoApp-sem-GUI/ImoApp-4_JavaScript_sem-estrutura/ImoApp.js</file>
            <file>file:/D:/home/koen/informatica/JavaScript/AppsGenericas+ImoApps/ImoApp-sem-GUI/ImoApp-4_JavaScript_sem-estrutura/Imóvel.js</file>
            <file>file:/D:/home/koen/informatica/JavaScript/AppsGenericas+ImoApps/ImoApp-sem-GUI/ImoApp-4_JavaScript_sem-estrutura/Imóveis.js</file>
            <file>file:/D:/home/koen/informatica/JavaScript/AppsGenericas+ImoApps/ImoApp-sem-GUI/ImoApp-4_JavaScript_sem-estrutura/Clientes.js</file>
            <file>file:/D:/home/koen/informatica/JavaScript/AppsGenericas+ImoApps/ImoApp-sem-GUI/ImoApp-4_JavaScript_sem-estrutura/Cliente.js</file>
        </group>
    </open-files>
</project-private>
