<?xml version="1.0" encoding="UTF-8"?>
<project-private xmlns="http://www.netbeans.org/ns/project-private/1">
    <editor-bookmarks xmlns="http://www.netbeans.org/ns/editor-bookmarks/2" lastBookmarkId="0"/>
    <open-files xmlns="http://www.netbeans.org/ns/projectui-open-files/2">
        <group>
            <file>file:/D:/home/koen/informatica/JavaScript/AppsGenericas+ImoApps/ImoApp-sem-GUI/ImoApp-8-D_JavaScript_com-propriedades-get-set/Cliente.js</file>
            <file>file:/D:/home/koen/informatica/JavaScript/AppsGenericas+ImoApps/ImoApp-sem-GUI/ImoApp-8-D_JavaScript_com-propriedades-get-set/Freguesias.js</file>
            <file>file:/D:/home/koen/informatica/JavaScript/AppsGenericas+ImoApps/ImoApp-sem-GUI/ImoApp-8-D_JavaScript_com-propriedades-get-set/Clientes.js</file>
            <file>file:/D:/home/koen/informatica/JavaScript/AppsGenericas+ImoApps/ImoApp-sem-GUI/ImoApp-8-D_JavaScript_com-propriedades-get-set/Imóveis.js</file>
            <file>file:/D:/home/koen/informatica/JavaScript/AppsGenericas+ImoApps/ImoApp-sem-GUI/ImoApp-8-D_JavaScript_com-propriedades-get-set/Imóvel.js</file>
            <file>file:/D:/home/koen/informatica/JavaScript/AppsGenericas+ImoApps/ImoApp-sem-GUI/ImoApp-8-D_JavaScript_com-propriedades-get-set/ImoApp.js</file>
            <file>file:/D:/home/koen/informatica/JavaScript/AppsGenericas+ImoApps/ImoApp-sem-GUI/ImoApp-8-D_JavaScript_com-propriedades-get-set/index.html</file>
        </group>
    </open-files>
</project-private>
