<?xml version="1.0" encoding="UTF-8"?>
<project-private xmlns="http://www.netbeans.org/ns/project-private/1">
    <editor-bookmarks xmlns="http://www.netbeans.org/ns/editor-bookmarks/2" lastBookmarkId="0"/>
    <open-files xmlns="http://www.netbeans.org/ns/projectui-open-files/2">
        <group>
            <file>file:/D:/home/koen/informatica/JavaScript/AppsGenericas+ImoApps/ImoApp-ES.Next/ImoApp-ES.Next-00__declarações-ES5/ImoApp.js</file>
            <file>file:/D:/home/koen/informatica/JavaScript/AppsGenericas+ImoApps/ImoApp-ES.Next/ImoApp-ES.Next-00__declarações-ES5/imoapp.html</file>
            <file>file:/D:/home/koen/informatica/JavaScript/AppsGenericas+ImoApps/ImoApp-ES.Next/ImoApp-ES.Next-00__declarações-ES5/ImoGUI.js</file>
        </group>
    </open-files>
</project-private>
