<?xml version="1.0" encoding="UTF-8"?>
<project-private xmlns="http://www.netbeans.org/ns/project-private/1">
    <editor-bookmarks xmlns="http://www.netbeans.org/ns/editor-bookmarks/2" lastBookmarkId="0"/>
    <open-files xmlns="http://www.netbeans.org/ns/projectui-open-files/2">
        <group>
            <file>file:/D:/home/koen/informatica/JavaScript/AppsGenericas+ImoApps/ImoApp-ES.Next/ImoApp-ES.Next-01__declarações-ES.Next/ImoApp.js</file>
            <file>file:/D:/home/koen/informatica/JavaScript/AppsGenericas+ImoApps/ImoApp-ES.Next/ImoApp-ES.Next-01__declarações-ES.Next/CódigoPostal.js</file>
            <file>file:/D:/home/koen/informatica/JavaScript/AppsGenericas+ImoApps/ImoApp-ES.Next/ImoApp-ES.Next-01__declarações-ES.Next/Imóvel.js</file>
            <file>file:/D:/home/koen/informatica/JavaScript/AppsGenericas+ImoApps/ImoApp-ES.Next/ImoApp-ES.Next-01__declarações-ES.Next/Procura.js</file>
            <file>file:/D:/home/koen/informatica/JavaScript/AppsGenericas+ImoApps/ImoApp-ES.Next/ImoApp-ES.Next-01__declarações-ES.Next/Cliente.js</file>
            <file>file:/D:/home/koen/informatica/JavaScript/AppsGenericas+ImoApps/ImoApp-ES.Next/ImoApp-ES.Next-01__declarações-ES.Next/Endereço.js</file>
            <file>file:/D:/home/koen/informatica/JavaScript/AppsGenericas+ImoApps/ImoApp-ES.Next/ImoApp-ES.Next-01__declarações-ES.Next/imoapp.html</file>
        </group>
    </open-files>
</project-private>
